{"objects": [{"object1": "2", "x_coco": 294.0777282714844, "y_coco": 9.204147338867188, "width_coco": 89.7408447265625, "height_coco": 69.83078002929688}, {"object2": "2", "x_coco": 293.9480743408203, "y_coco": 3.2879333496093768, "width_coco": 25.543548583984375, "height_coco": 24.312683105468746}]}