{"objects": [{"object1": "2", "x_coco": 403.10960388183594, "y_coco": 10.0682373046875, "width_coco": 103.59390258789062, "height_coco": 67.371337890625}, {"object2": "2", "x_coco": 664.7049560546875, "y_coco": 32.38890075683594, "width_coco": 32.5859375, "height_coco": 25.48770141601563}, {"object3": "2", "x_coco": 710.85888671875, "y_coco": 32.66986083984375, "width_coco": 25.7034912109375, "height_coco": 24.51409912109375}]}