{"objects": [{"object1": "2", "x_coco": 461.66175842285156, "y_coco": -17.498291015625, "width_coco": 45.208770751953125, "height_coco": 34.99658203125}, {"object2": "2", "x_coco": 590.7310791015625, "y_coco": -30.236404418945316, "width_coco": 82.459228515625, "height_coco": 60.47280883789063}, {"object3": "7", "x_coco": 685.3468933105469, "y_coco": -113.05596160888672, "width_coco": 243.83660888671875, "height_coco": 226.11192321777344}]}