{"objects": [{"object1": "2", "x_coco": 665.0036315917969, "y_coco": 123.98539733886719, "width_coco": 57.21771240234375, "height_coco": 47.971343994140625}, {"object2": "7", "x_coco": 950.8580932617188, "y_coco": 88.878662109375, "width_coco": 183.9556884765625, "height_coco": 107.94140625}, {"object3": "2", "x_coco": 730.9940490722656, "y_coco": 127.48751831054688, "width_coco": 36.44097900390625, "height_coco": 28.11767578125}, {"object4": "7", "x_coco": 742.5910339355469, "y_coco": 108.64599609375, "width_coco": 35.82073974609375, "height_coco": 39.66156005859375}]}