{"objects": [{"object1": "2", "x_coco": 440.67747497558594, "y_coco": -22.407867431640625, "width_coco": 56.396759033203125, "height_coco": 44.81573486328125}, {"object2": "2", "x_coco": 353.5185241699219, "y_coco": -10.501022338867188, "width_coco": 31.02166748046875, "height_coco": 21.002044677734375}, {"object3": "7", "x_coco": 493.3314971923828, "y_coco": -33.42347717285156, "width_coco": 72.24563598632812, "height_coco": 66.84695434570312}, {"object4": "6", "x_coco": 3.506833553314209, "y_coco": -85.57069396972656, "width_coco": 472.9544677734375, "height_coco": 171.14138793945312}]}