{"objects": [{"object1": "2", "x_coco": 460.12904357910156, "y_coco": -21.112930297851562, "width_coco": 63.390167236328125, "height_coco": 42.225860595703125}, {"object2": "2", "x_coco": 62.72428512573242, "y_coco": -54.434326171875, "width_coco": 302.147216796875, "height_coco": 179.84088134765625}, {"object3": "5", "x_coco": -0.7576141357421875, "y_coco": -127.16139221191406, "width_coco": 393.5152282714844, "height_coco": 254.32278442382812}, {"object4": "2", "x_coco": 552.9828796386719, "y_coco": -8.521041870117188, "width_coco": 23.82122802734375, "height_coco": 17.042083740234375}]}