{"objects": [{"object1": "2", "x_coco": 212.4482421875, "y_coco": 117.27003479003906, "width_coco": 97.54998779296875, "height_coco": 68.79727172851562}, {"object2": "2", "x_coco": 185.90111541748047, "y_coco": 85.86883544921875, "width_coco": 35.99244689941406, "height_coco": 21.626953125}]}